feature,mean_importance
education,0.00010255986138731909
native-country,0.0005608628598194332
race,0.0012795318442051506
fnlwgt,0.0022089950200404385
workclass,0.0032531195425154367
sex,0.004393370978341615
occupation,0.018697796774398156
hours-per-week,0.019864670065491828
marital-status,0.028150127649990697
capital-loss,0.028698487464853185
relationship,0.04880980883538143
education-num,0.050037264993136696
age,0.07839624995320135
capital-gain,0.1608727453735704
