feature,mean_importance
native-country,0.0
sex,0.0
race,2.574782160202904e-06
fnlwgt,3.2147412231897655e-06
workclass,1.1430055870365052e-05
occupation,2.647889768599976e-05
education,0.00027070939708162545
age,0.001576959734872474
marital-status,0.0019459444709931883
hours-per-week,0.004643730143183001
capital-loss,0.00710807296619409
education-num,0.06671999374450995
capital-gain,0.13531709800168076
relationship,0.1818851363705518
