feature,mean_importance
native-country,0.0012224888713769921
occupation,0.0016261421025854262
workclass,0.0028697113290119146
fnlwgt,0.003627034834367182
education,0.0039032938165765698
race,0.004241221583530319
capital-loss,0.009218567724063898
sex,0.011647945098358915
relationship,0.023999318931370285
hours-per-week,0.036452725163874454
age,0.07550461951142347
marital-status,0.08351746890356856
education-num,0.08945428228849589
capital-gain,0.28559628880437266
